{"Week":[{"Breakfast":"pesto chicken","Dinner":"spicy tuna bowl","Day":"Monday","Lunch":"eggs and spam"},{"Breakfast":"pancake","Dinner":"salad","Day":"Tuesday","Lunch":"pizza"},{"Breakfast":"oatmeal","Dinner":"spaghetti","Day":"Wednesday","Lunch":"yoghurt"},{"Breakfast":"yoghurt","Dinner":"spaghetti","Day":"Thursday","Lunch":"fried rice"},{"Breakfast":"eggs and bacon","Dinner":"","Day":"Friday","Lunch":"salad"},{"Breakfast":"oatmeal","Dinner":"french toast","Day":"Saturday","Lunch":"baked salmon"},{"Breakfast":"cereal","Dinner":"baked chicken","Day":"Sunday","Lunch":"tomato soup"}]}